Rk,Player,Age,Team,Pos,G,GS,Cmp,Att,IAY,IAY/PA,CAY,CAY/Cmp,CAY/PA,YAC,YAC/Cmp,Bats,ThAwy,Spikes,Drops,Drop%,BadTh,Bad%,OnTgt,OnTgt%,PktTime,Bltz,Hrry,Hits,Prss,Prss%,Scrm,Yds/Scr,Plays,Yds,PassAtt,PassYds,RushAtt,RushYds,PassAtt,PassYds,Awards,-9999
1,Tom Brady,44,TAM,QB,17,17,485,719,5791,8.1,2762,5.7,3.8,2554,5.3,8,13,2,32,4.5,127,18.0,531,75.4,2.3,176,30,31,83,11.1,10,7.6,8,72,8,72,0,0,113,912,PBAP-2AP MVP-2AP OPoY-3,BradTo00
2,Justin Herbert,23,LAC,QB,17,17,443,672,5076,7.6,2627,5.9,3.9,2387,5.4,17,14,1,38,5.8,96,14.6,527,80.2,2.4,155,51,61,143,19.4,36,7.8,54,516,46,484,6,32,166,1515,PB,HerbJu00
3,Patrick Mahomes,26,KAN,QB,17,17,436,658,4829,7.3,2140,4.9,3.3,2699,6.2,7,32,0,31,5.0,118,18.8,485,77.5,2.4,112,76,58,162,22.1,46,8.7,97,652,91,638,5,14,148,1099,PB,MahoPa00
4,Josh Allen,25,BUF,QB,17,17,409,646,5304,8.2,2664,6.5,4.1,1743,4.3,16,32,0,35,5.7,107,17.4,459,74.8,2.4,182,95,64,185,25.7,48,9.6,124,916,93,762,31,154,178,1643,,AlleJo02
5,Derek Carr,30,LVR,QB,17,17,428,626,5087,8.1,2525,5.9,4.0,2279,5.3,10,21,3,26,4.3,94,15.6,466,77.4,2.5,167,58,48,146,21.4,17,6.3,31,228,29,228,1,0,93,909,,CarrDe02
6,Ben Roethlisberger,39,PIT,QB,16,16,390,605,4052,6.7,1808,4.6,3.0,1932,5.0,13,6,2,30,5.0,110,18.4,451,75.5,2.2,145,44,38,120,18.6,3,6.0,23,52,21,51,1,1,90,587,,RoetBe00
7,Trevor Lawrence,22,JAX,QB,17,17,359,602,4745,7.9,2004,5.6,3.3,1637,4.6,8,18,3,33,5.7,119,20.5,414,71.3,2.4,147,67,52,151,22.6,33,7.3,74,527,52,450,18,77,124,1013,,LawrTr00
8,Matthew Stafford,33,LAR,QB,17,17,404,601,5092,8.5,2760,6.8,4.6,2126,5.3,9,3,0,31,5.2,111,18.6,458,76.6,2.5,137,32,42,104,16.3,8,6.1,25,233,25,233,0,0,122,1247,,StafMa00
9,Dak Prescott,28,DAL,QB,16,16,410,596,4592,7.7,2425,5.9,4.1,2024,4.9,10,11,0,28,4.8,86,14.7,452,77.3,2.4,187,46,48,124,19.2,20,6.4,43,210,38,198,4,12,118,953,AP CPoY-2,PresDa01
10,Kirk Cousins,33,MIN,QB,16,16,372,561,4576,8.2,2415,6.5,4.3,1806,4.9,4,13,5,22,4.1,93,17.1,418,77.0,2.4,168,68,65,161,26.6,16,7.8,8,23,7,21,1,2,113,1107,PB,CousKi00
11,Matt Ryan,36,ATL,QB,17,17,375,560,3986,7.1,2244,6.0,4.0,1724,4.6,9,15,1,21,3.9,79,14.5,425,78.1,2.4,166,48,84,172,27.9,16,4.9,28,219,22,214,1,5,131,1099,,RyanMa00
12,Aaron Rodgers,38,GNB,QB,16,16,366,531,4099,7.7,1947,5.3,3.7,2168,5.9,8,18,3,13,2.5,93,18.2,394,77.3,2.3,135,59,40,129,22.3,17,6.5,30,200,30,200,0,0,107,798,PBAP-1AP MVP-1AP OPoY-4,RodgAa00
13,Ryan Tannehill,33,TEN,QB,17,17,357,531,3959,7.5,1958,5.5,3.7,1776,5.0,10,9,1,23,4.4,83,15.9,411,78.9,2.3,166,31,64,142,23.8,19,10.5,34,311,22,224,12,87,132,1114,,TannRy00
14,Mac Jones,23,NWE,QB,17,17,352,521,4161,8.0,2027,5.8,3.9,1774,5.0,9,12,1,16,3.1,90,17.7,386,76.0,2.4,181,29,47,104,18.4,15,7.1,33,324,32,324,0,0,104,888,PBAP ORoY-2,JoneMa05
15,Joe Burrow,25,CIN,QB,16,16,366,520,4192,8.1,2332,6.4,4.5,2279,6.2,8,12,2,23,4.5,54,10.7,419,82.8,2.4,125,46,48,145,24.5,21,5.4,23,168,20,167,1,1,75,807,AP CPoY-1,BurrJo01
16,Carson Wentz,29,IND,QB,17,17,322,516,3941,7.6,1913,5.9,3.7,1650,5.1,8,17,0,25,5.0,94,18.8,368,73.7,2.5,156,41,75,148,25.8,26,7.1,84,597,76,553,7,44,144,1234,,WentCa00
17,Jared Goff,27,DET,QB,14,14,332,494,3150,6.4,1490,4.5,3.0,1755,5.3,5,21,5,21,4.5,77,16.5,375,80.1,2.4,110,50,48,133,24.6,11,6.1,24,191,22,174,1,17,79,647,,GoffJa00
18,Taylor Heinicke,28,WAS,QB,16,15,321,494,3762,7.6,1655,5.2,3.4,1764,5.5,9,8,3,18,3.7,80,16.6,365,75.6,2.6,145,55,47,140,24.6,38,7.1,65,527,56,486,5,41,122,1087,,HeinTa00
19,Kyler Murray,24,ARI,QB,14,14,333,481,3847,8.0,1986,6.0,4.1,1801,5.4,10,19,0,16,3.5,65,14.1,367,79.4,2.3,108,68,13,112,20.7,30,7.6,111,780,79,702,28,78,109,937,PB,MurrKy00
20,Jimmy Garoppolo,30,SFO,QB,15,15,301,441,3304,7.5,1844,6.1,4.2,1966,6.5,5,11,3,23,5.4,55,12.9,348,81.5,2.4,100,24,36,89,18.7,6,3.7,38,339,37,334,1,5,100,1017,,GaroJi00
21,Jalen Hurts,23,PHI,QB,15,15,265,432,3867,9.0,1681,6.3,3.9,1463,5.5,11,22,2,22,5.4,57,14.0,319,78.2,2.6,124,76,32,134,26.4,50,8.3,154,1178,95,819,52,359,111,994,,HurtJa00
22,Teddy Bridgewater,29,DEN,QB,14,14,285,426,3417,8.0,1658,5.8,3.9,1394,4.9,9,20,0,13,3.2,68,16.7,316,77.8,2.5,118,64,42,137,29.0,15,6.6,23,171,20,171,0,0,76,508,,BridTe00
23,Baker Mayfield,26,CLE,QB,14,14,253,418,3610,8.6,1632,6.5,3.9,1378,5.4,11,14,2,20,5.0,84,20.9,296,73.6,2.4,124,52,18,113,23.3,25,5.2,11,78,9,76,2,2,89,849,,MayfBa00
24,Sam Darnold,24,CAR,QB,12,11,243,406,2947,7.3,1151,4.7,2.8,1376,5.7,6,22,0,27,7.0,71,18.5,286,74.5,2.5,128,60,40,135,29.1,23,8.1,26,83,22,68,3,15,87,595,,DarnSa00
25,Russell Wilson,33,SEA,QB,14,14,259,400,3956,9.9,1730,6.7,4.3,1383,5.3,3,13,0,16,4.1,72,18.6,296,76.5,2.4,113,48,42,123,27.0,23,7.3,45,225,36,204,7,21,102,1036,PB,WilsRu00
26,Davis Mills,23,HOU,QB,13,11,263,394,2852,7.2,1419,5.4,3.6,1245,4.7,11,13,2,12,3.2,66,17.4,287,75.7,2.3,121,30,30,91,20.9,10,4.2,18,92,13,90,1,2,65,394,,MillDa02
27,Tua Tagovailoa,23,MIA,QB,13,12,263,388,2734,7.0,1436,5.5,3.7,1217,4.6,1,6,1,17,4.5,62,16.3,305,80.1,2.2,100,45,24,89,20.9,18,6.9,94,858,90,847,4,11,116,990,,TagoTu00
28,Zach Wilson,22,NYJ,QB,13,13,213,383,2900,7.6,1245,5.8,3.3,1089,5.1,5,16,1,25,6.8,87,23.8,256,69.9,2.5,127,66,26,136,30.6,17,10.5,18,76,14,72,1,4,81,468,,WilsZa00
29,Lamar Jackson,24,BAL,QB,12,12,246,382,3543,9.3,1734,7.0,4.5,1148,4.7,9,7,4,18,4.9,73,19.7,272,73.3,2.4,151,39,29,106,22.6,49,8.0,119,834,63,574,54,260,93,831,PB,JackLa00
30,Daniel Jones,24,NYG,QB,11,11,232,361,2616,7.2,1334,5.8,3.7,1094,4.7,5,12,1,19,5.5,64,18.4,265,76.1,2.4,120,37,36,95,23.3,24,6.4,38,160,25,111,10,49,93,652,,JoneDa05
31,Justin Fields,22,CHI,QB,12,10,159,270,2641,9.8,1178,7.4,4.4,692,4.4,3,8,2,18,6.9,57,21.9,189,72.7,2.5,96,29,31,96,27.3,46,8.0,22,137,8,75,11,62,48,413,,FielJu00
32,Andy Dalton,34,CHI,QB,8,6,149,236,1620,6.9,763,5.1,3.2,752,5.0,7,8,1,9,4.0,39,17.2,162,71.4,2.3,92,23,13,54,20.3,12,6.8,14,141,12,138,1,3,30,174,,DaltAn00
33,Jacoby Brissett,29,MIA,QB,11,5,141,225,1691,7.5,775,5.5,3.4,508,3.6,1,6,1,17,7.8,36,16.5,158,72.5,2.4,62,26,24,69,26.8,13,5.0,23,156,21,152,1,4,33,243,,BrisJa00
34,Tyler Huntley,23,BAL,QB,7,4,122,188,1409,7.5,635,5.2,3.4,446,3.7,6,3,3,4,2.2,34,18.7,136,74.7,2.3,62,22,10,50,21.6,25,8.1,33,147,19,102,9,45,12,109,,HuntTy01
35,Trevor Siemian,30,NOR,QB,6,4,108,188,1298,6.9,652,6.0,3.5,502,4.6,6,11,0,7,4.0,26,14.7,131,74.0,2.5,47,20,16,45,22.5,3,7.3,3,20,3,20,0,0,34,204,,SiemTr00
36,Mike Glennon,32,NYG,QB,6,4,90,167,1211,7.3,383,4.3,2.3,407,4.5,1,11,3,11,7.2,21,13.7,110,71.9,2.5,41,12,19,40,22.2,4,7.8,5,15,5,15,0,0,24,134,,GlenMi00
37,Jameis Winston,27,NOR,QB,7,7,95,161,1340,8.3,589,6.2,3.7,581,6.1,5,9,0,10,6.6,33,21.7,107,70.4,2.6,68,18,18,47,24.9,17,9.5,2,11,1,0,1,11,37,355,,WinsJa00
38,Tyrod Taylor,32,HOU,QB,6,6,91,150,1105,7.4,473,5.2,3.2,493,5.4,2,4,1,5,3.4,32,22.1,100,69.0,2.3,60,19,16,48,27.0,15,9.9,24,143,18,115,4,28,29,239,,TaylTy00
39,Taysom Hill,31,NOR,QB/WR,12,9,78,134,982,7.3,457,5.9,3.4,521,6.7,3,4,2,11,8.6,26,20.3,94,73.4,2.5,40,18,9,36,22.6,16,7.4,11,74,6,46,4,28,32,349,,HillTa00
40,Mike White,26,NYJ,QB,4,3,88,132,777,5.9,387,4.4,2.9,566,6.4,6,1,0,5,3.8,19,14.5,93,71.0,2.4,29,8,14,26,19.1,0,,4,13,4,13,0,0,18,105,,WhitMi01
41,Cam Newton,32,CAR,QB,8,5,69,126,880,7.0,375,5.4,3.0,309,4.5,6,2,0,6,4.8,28,22.6,81,65.3,2.2,59,15,10,35,24.5,7,8.3,32,202,19,119,12,83,19,113,,NewtCa00
42,Drew Lock,25,DEN,QB,6,3,67,111,1117,10.1,447,6.7,4.0,340,5.1,2,1,1,7,6.4,24,22.0,79,72.5,2.5,29,14,8,31,24.4,7,6.9,10,49,8,47,1,2,21,140,,LockDr00
43,Colt McCoy,35,ARI,QB,8,3,74,99,522,5.3,288,3.9,2.9,452,6.1,2,1,0,5,5.1,11,11.2,82,83.7,2.1,29,10,10,26,23.9,4,5.3,29,265,25,250,3,15,31,295,,McCoCo00
44,Geno Smith,31,SEA,QB,4,3,65,95,669,7.0,342,5.3,3.6,360,5.5,3,6,1,0,0.0,13,14.8,65,73.9,2.5,38,12,6,31,27.7,4,9.3,3,25,3,25,0,0,19,214,,SmitGe00
45,Tim Boyle,27,DET,QB,5,3,61,94,589,6.3,261,4.3,2.8,265,4.3,1,0,0,3,3.2,20,21.3,64,68.1,2.3,15,5,10,15,15.8,1,14.0,4,26,4,26,0,0,24,186,,BoylTi00
46,Case Keenum,33,CLE,QB,7,2,47,72,417,5.8,156,3.3,2.2,306,6.5,0,2,0,3,4.3,13,18.6,53,75.7,2.3,18,6,8,19,23.5,4,4.8,1,6,1,6,0,0,19,197,,KeenCa00
47,Trey Lance,21,SFO,QB,6,2,41,71,658,9.3,315,7.7,4.4,288,7.0,5,2,0,3,4.3,13,18.8,51,73.9,2.5,21,8,7,19,22.1,11,8.5,18,172,10,145,8,27,20,171,,LancTr00
48,P.J. Walker,26,CAR,QB,5,1,36,66,594,9.0,225,6.3,3.4,137,3.8,1,0,1,2,3.1,20,30.8,41,63.1,2.5,15,7,9,23,30.7,2,9.0,2,3,2,3,0,0,6,35,,WalkPh00
49,Jordan Love,23,GNB,QB,6,1,36,62,488,7.9,178,4.9,2.9,233,6.5,0,2,0,2,3.3,15,25.0,40,66.7,2.4,29,9,7,19,27.1,5,6.6,2,0,2,0,0,0,10,104,,LoveJo03
50,Jake Fromm,23,NYG,QB,3,2,27,60,425,7.1,111,4.1,1.9,99,3.7,4,2,0,3,5.2,19,32.8,32,55.2,2.2,21,5,7,18,25.0,6,10.3,11,39,9,15,2,24,14,16,,FromJa00
51,Gardner Minshew II,25,PHI,QB,4,2,41,60,333,5.6,164,4.0,2.7,275,6.7,1,4,0,5,8.9,7,12.5,45,80.4,2.5,19,7,5,17,24.6,4,4.8,6,37,5,37,0,0,15,160,,MinsGa00
52,Mason Rudolph,26,PIT,QB,2,1,35,58,360,6.2,155,4.4,2.7,122,3.5,0,1,1,3,5.4,9,16.1,44,78.6,2.0,15,0,1,1,1.6,3,18.0,0,0,0,0,0,0,7,41,,RudoMa00
53,Cooper Rush,28,DAL,QB,5,1,30,47,418,8.9,209,7.0,4.4,213,7.1,1,0,0,2,4.3,9,19.1,32,68.1,2.3,15,0,3,6,11.8,1,2.0,2,20,2,20,0,0,7,80,,RushCo00
54,Josh Johnson,35,2TM,QB,4,1,57,85,616,7.2,355,6.2,4.2,283,5.0,1,3,0,3,3.7,16,19.5,61,74.4,2.4,8,6,8,17,18.3,5,6.0,8,41,6,42,2,-1,10,61,,JohnJo05
54,Josh Johnson,35,NYJ,QB,3,0,29,45,339,7.5,172,5.9,3.8,162,5.6,1,0,0,3,6.7,10,22.2,33,73.3,2.4,2,3,4,9,18.0,3,6.3,2,0,2,0,0,0,5,19,,JohnJo05
54,Josh Johnson,35,BAL,QB,1,1,28,40,277,6.9,183,6.5,4.6,121,4.3,0,3,0,0,0.0,6,16.2,28,75.7,2.4,6,3,4,8,18.6,2,5.5,6,41,4,42,2,-1,5,42,,JohnJo05
55,Joe Flacco,36,NYJ,QB,2,1,27,42,330,7.9,163,6.0,3.9,175,6.5,1,4,0,1,2.6,6,15.8,29,76.3,2.1,24,4,6,12,26.7,1,1.0,1,5,1,5,0,0,7,81,,FlacJo00
56,Sean Mannion,29,MIN,QB,1,1,22,36,226,6.3,95,4.3,2.6,94,4.3,1,2,0,1,2.9,7,20.6,24,70.6,2.4,6,5,2,9,23.1,1,11.0,1,7,1,7,0,0,1,0,,MannSe00
57,Nick Foles,32,CHI,QB,1,1,24,35,198,5.7,85,3.5,2.4,165,6.9,1,0,0,1,2.9,4,11.4,30,85.7,2.7,5,4,1,9,22.5,1,8.0,4,43,4,43,0,0,3,7,,FoleNi00
58,Brandon Allen,29,CIN,QB,6,1,17,34,169,5.0,29,1.7,0.9,120,7.1,0,0,1,2,6.1,9,27.3,19,57.6,2.2,7,1,2,7,18.4,0,,1,6,1,6,0,0,6,24,,AlleBr00
59,Garrett Gilbert,30,WAS,QB,1,1,20,31,197,6.4,97,4.9,3.1,97,4.9,0,1,0,1,3.3,6,20.0,22,73.3,2.5,10,2,5,9,27.3,0,,2,51,2,51,0,0,5,87,,GilbGa01
60,Nick Mullens,26,CLE,QB,1,1,20,30,204,6.8,76,3.8,2.5,71,3.6,0,0,1,2,6.9,2,6.9,22,75.9,2.3,6,5,4,9,30.0,0,,1,6,1,6,0,0,7,31,,MullNi00
61,Ian Book,23,NOR,QB,1,1,12,20,76,3.8,54,4.5,2.7,81,6.8,0,2,0,2,11.1,3,16.7,15,83.3,2.9,15,5,4,17,56.7,2,1.5,1,12,1,12,0,0,6,30,,BookIa00
62,Kyle Allen,25,WAS,QB,2,0,12,19,135,7.1,74,6.2,3.9,46,3.8,0,1,0,2,11.1,2,11.1,15,83.3,2.3,4,2,1,5,23.8,0,,2,11,1,0,1,11,1,0,,AlleKy00
63,Chad Henne,36,KAN,QB,4,0,11,16,125,7.8,58,5.3,3.6,24,2.2,0,1,0,1,6.7,3,20.0,12,80.0,2.2,3,1,2,3,17.6,1,4.0,0,0,0,0,0,0,0,0,,HennCh01
64,Blaine Gabbert,32,TAM,QB,6,0,7,11,90,8.2,28,4.0,2.5,39,5.6,1,0,0,0,0.0,2,18.2,7,63.6,2.0,3,1,0,2,16.7,0,,1,14,1,14,0,0,1,14,,GabbBl00
65,Brian Hoyer,36,NWE,QB,5,0,9,11,97,8.8,84,9.3,7.6,143,15.9,0,0,0,0,0.0,0,0.0,11,100.0,2.2,4,0,0,0,0.0,0,,2,59,2,59,0,0,2,28,,HoyeBr00
66,Josh Rosen,24,ATL,QB,4,0,2,11,121,11.0,8,4.0,0.7,11,5.5,0,1,0,2,20.0,4,40.0,3,30.0,2.7,3,3,0,3,27.3,0,,0,0,0,0,0,0,2,14,,RoseJo01
67,Chris Streveler,26,ARI,QB,2,0,6,9,38,4.2,14,2.3,1.6,22,3.7,0,0,0,0,0.0,2,22.2,6,66.7,2.5,0,1,0,3,25.0,1,4.0,0,0,0,0,0,0,1,9,,StreCh00
68,Mitchell Trubisky,27,BUF,QB,6,0,6,8,41,5.1,26,4.3,3.3,17,2.8,0,0,0,1,12.5,1,12.5,7,87.5,2.2,1,0,0,0,0.0,2,15.0,1,1,1,1,0,0,3,24,,TrubMi00
69,Ryan Fitzpatrick,39,WAS,QB,1,1,3,6,4,0.7,7,2.3,1.2,6,2.0,0,0,0,1,16.7,1,16.7,5,83.3,1.8,0,1,2,4,50.0,1,2.0,0,0,0,0,0,0,2,2,,FitzRy00
70,Jacob Eason,24,IND,QB,1,0,2,5,63,12.6,18,9.0,3.6,7,3.5,0,0,0,1,20.0,1,20.0,4,80.0,3.3,0,0,1,1,20.0,0,,0,0,0,0,0,0,0,0,,EasoJa00
71,Justin Jefferson,22,MIN,WR,17,17,2,4,36,9.0,7,3.5,1.8,28,14.0,0,0,0,0,0.0,2,50.0,2,50.0,2.3,2,0,2,2,50.0,0,,0,0,0,0,0,0,2,11,PBAP-2,JeffJu00
72,John Wolford,26,LAR,QB,3,0,1,4,19,4.8,-2,-2.0,-0.5,7,7.0,0,0,0,0,0.0,1,25.0,2,50.0,2.2,0,0,0,1,20.0,0,,1,0,0,0,1,0,0,0,,WolfJo00
73,Jack Fox,25,DET,P,17,0,2,3,30,10.0,17,8.5,5.7,21,10.5,0,0,0,0,0.0,1,33.3,2,66.7,1.8,2,0,0,0,0.0,0,,0,0,0,0,0,0,0,0,,FoxxJa01
74,Kellen Mond,22,MIN,QB,1,0,2,3,0,0.0,-4,-2.0,-1.3,9,4.5,0,0,0,0,0.0,1,33.3,2,66.7,1.8,2,0,1,1,33.3,0,,0,0,0,0,0,0,1,-1,,MondKe00
75,Kadarius Toney,22,NYG,WR,10,4,1,3,53,17.7,13,13.0,4.3,6,6.0,0,0,0,1,33.3,1,33.3,2,66.7,3.0,2,0,0,1,20.0,1,1.0,1,7,0,0,1,7,1,0,,ToneKa00
76,Cedrick Wilson Jr.,26,DAL,WR,16,4,3,3,67,22.3,67,22.3,22.3,21,7.0,0,0,0,0,0.0,0,0.0,3,100.0,2.2,0,0,0,0,0.0,0,,1,22,1,22,0,0,1,22,,WilsCe01
77,C.J. Beathard,28,JAX,QB,2,0,2,2,27,13.5,27,13.5,13.5,6,3.0,0,0,0,0,0.0,0,0.0,2,100.0,2.2,1,1,0,1,50.0,0,,0,0,0,0,0,0,0,0,,BeatC.00
78,A.J. Brown,24,TEN,WR,13,13,0,2,42,21.0,0,,0.0,0,,0,1,0,0,0.0,1,100.0,0,0.0,0.9,0,0,0,0,0.0,0,,0,0,0,0,0,0,0,0,,BrowAJ00
79,Marcus Mariota,28,LVR,QB,10,0,1,2,31,15.5,-4,-4.0,-2.0,8,8.0,0,0,0,0,0.0,0,0.0,1,50.0,2.4,0,0,0,0,0.0,0,,9,71,0,0,9,71,0,0,,MariMa01
80,Jakobi Meyers,25,NWE,WR,17,16,2,2,11,5.5,11,5.5,5.5,34,17.0,0,0,0,0,0.0,0,0.0,2,100.0,2.5,0,0,1,1,50.0,0,,1,15,1,15,0,0,1,15,,MeyeJa01
81,Brett Rypien,25,DEN,QB,1,0,0,2,11,5.5,0,,0.0,0,,0,1,0,0,0.0,1,100.0,0,0.0,2.5,1,0,0,0,0.0,0,,0,0,0,0,0,0,0,0,,RypiBr00
82,Deebo Samuel,25,SFO,WR,16,15,1,2,39,19.5,24,24.0,12.0,0,0.0,0,0,0,0,0.0,0,0.0,1,50.0,2.4,1,0,1,1,50.0,0,,7,91,0,0,7,91,0,0,PBAP-1,SamuDe00
83,Greg Ward,26,PHI,WR,17,0,1,2,2,1.0,-1,-1.0,-0.5,3,3.0,0,0,0,0,0.0,1,50.0,1,50.0,2.1,0,0,0,0,0.0,0,,1,2,1,2,0,0,1,2,,WardGr02
84,Keenan Allen,29,LAC,WR,16,16,0,1,14,14.0,0,,0.0,0,,0,0,0,0,0.0,1,100.0,0,0.0,1.3,0,0,0,0,0.0,0,,0,0,0,0,0,0,0,0,PB,AlleKe00
85,Danny Amendola,36,HOU,WR,8,0,0,1,14,14.0,0,,0.0,0,,0,0,0,0,0.0,0,0.0,0,0.0,1.2,1,0,0,0,0.0,0,,0,0,0,0,0,0,0,0,,AmenDa00
86,Chris Banjo,31,ARI,DB,16,0,1,1,19,19.0,19,19.0,19.0,4,4.0,0,0,0,0,0.0,0,0.0,1,100.0,1.7,0,0,0,0,0.0,0,,0,0,0,0,0,0,0,0,,BanjCh00
87,Cole Beasley,32,BUF,WR,16,8,0,1,19,19.0,0,,0.0,0,,0,0,0,0,0.0,0,0.0,1,100.0,1.3,0,1,0,1,100.0,0,,1,0,1,0,0,0,1,0,,BeasCo00
88,Chris Boswell,30,PIT,K,17,0,0,1,10,10.0,0,,0.0,0,,0,0,0,0,0.0,1,100.0,0,0.0,3.4,1,0,0,0,0.0,0,,0,0,0,0,0,0,0,0,,BoswCh00
89,Kendrick Bourne,26,NWE,WR,17,5,1,1,22,22.0,22,22.0,22.0,3,3.0,0,0,0,0,0.0,0,0.0,1,100.0,1.6,0,0,0,0,0.0,0,,0,0,0,0,0,0,0,0,,BourKe00
90,Tyler Boyd,27,CIN,WR,16,10,1,1,-4,-4.0,-4,-4.0,-4.0,50,50.0,0,0,0,0,0.0,0,0.0,1,100.0,3.1,0,1,0,1,100.0,0,,0,0,0,0,0,0,0,0,,BoydTy00
91,Rex Burkhead,31,HOU,RB,16,5,0,1,7,7.0,0,,0.0,0,,0,1,0,0,,0,,0,,0.9,0,0,0,0,0.0,0,,7,21,0,0,7,21,0,0,,BurkRe00
92,Keelan Cole,28,NYJ,WR,15,11,0,1,8,8.0,0,,0.0,0,,0,0,0,0,0.0,0,0.0,1,100.0,3.3,1,0,1,1,100.0,0,,0,0,0,0,0,0,1,0,,ColeKe00
93,Riley Dixon,28,NYG,P,17,0,0,1,13,13.0,0,,0.0,0,,0,0,0,0,0.0,1,100.0,0,0.0,2.3,0,0,0,0,0.0,0,,0,0,0,0,0,0,0,0,,DixoRi00
94,Ezekiel Elliott,26,DAL,RB,17,17,1,1,-4,-4.0,-4,-4.0,-4.0,8,8.0,0,0,0,0,0.0,0,0.0,1,100.0,0.4,0,0,0,0,0.0,0,,35,188,0,0,35,188,0,0,,ElliEz00
95,Matthias Farley,29,TEN,DB,17,0,1,1,4,4.0,4,4.0,4.0,2,2.0,0,0,0,0,0.0,0,0.0,1,100.0,1.8,1,0,0,0,0.0,0,,0,0,0,0,0,0,0,0,,FarlMa00
96,Leonard Fournette,26,TAM,RB,14,13,0,1,0,0.0,0,,0.0,0,,1,0,0,0,0.0,0,0.0,0,0.0,2.8,0,0,0,0,0.0,0,,10,86,0,0,10,86,0,0,,FourLe00
97,Feleipe Franks,24,ATL,QB,9,0,0,1,2,2.0,0,,0.0,0,,0,0,0,0,0.0,0,0.0,0,0.0,1.7,0,0,0,0,0.0,0,,3,6,0,0,3,6,0,0,,FranFe00
98,Mike Gesicki,26,MIA,TE,17,9,0,1,28,28.0,0,,0.0,0,,0,0,0,0,0.0,1,100.0,0,0.0,3.8,0,0,0,0,0.0,0,,0,0,0,0,0,0,0,0,,GesiMi00
99,Blake Gillikin,23,NOR,P,17,0,0,1,9,9.0,0,,0.0,0,,0,0,0,0,0.0,1,100.0,0,0.0,1.8,1,0,0,0,0.0,0,,0,0,0,0,0,0,0,0,,GillBl00
100,Johnny Hekker,31,LAR,P,17,0,1,1,-4,-4.0,-4,-4.0,-4.0,6,6.0,0,0,0,0,0.0,0,0.0,1,100.0,2.8,1,0,1,1,100.0,0,,0,0,0,0,0,0,0,0,,HekkJo00
101,Derrick Henry,27,TEN,RB,8,8,1,1,5,5.0,5,5.0,5.0,0,0.0,0,0,0,0,0.0,0,0.0,1,100.0,2.1,0,0,0,0,0.0,0,,8,25,1,5,7,20,0,0,,HenrDe00
102,Kendall Hinton,24,DEN,WR,16,1,1,1,-5,-5.0,-5,-5.0,-5.0,6,6.0,0,0,0,0,0.0,0,0.0,1,100.0,0.9,0,0,1,1,100.0,0,,1,1,1,1,0,0,1,1,,HintKe00
103,Tom Kennedy,25,DET,WR,12,0,1,1,24,24.0,24,24.0,24.0,51,51.0,0,0,0,0,0.0,0,0.0,1,100.0,3.5,0,0,0,0,0.0,0,,0,0,0,0,0,0,1,75,,KennTo01
104,Christian Kirk,25,ARI,WR,17,11,1,1,33,33.0,33,33.0,33.0,0,0.0,0,0,0,0,0.0,0,0.0,1,100.0,1.5,0,0,0,0,0.0,0,,1,33,1,33,0,0,1,33,,KirkCh01
105,Sam Koch,39,BAL,P,17,0,0,1,10,10.0,0,,0.0,0,,0,0,0,0,0.0,1,100.0,0,0.0,2.0,0,0,0,0,0.0,0,,0,0,0,0,0,0,0,0,,KochSa20
106,Cooper Kupp,28,LAR,WR,17,17,0,1,25,25.0,0,,0.0,0,,0,0,0,0,0.0,0,0.0,0,0.0,1.5,1,1,0,1,100.0,0,,0,0,0,0,0,0,0,0,PBAP-1AP MVP-3AP OPoY-1,KuppCo00
107,Ty Long,28,LAC,P,17,0,0,1,10,10.0,0,,0.0,0,,0,0,0,0,0.0,0,0.0,0,0.0,2.0,1,0,0,0,0.0,0,,0,0,0,0,0,0,0,0,,LongTy00
108,David Montgomery,24,CHI,RB,13,13,0,1,9,9.0,0,,0.0,0,,0,0,0,0,0.0,0,0.0,0,0.0,2.0,1,0,0,0,0.0,0,,15,101,0,0,15,101,0,0,,MontDa01
109,Cordarrelle Patterson,30,ATL,RB,16,13,0,1,18,18.0,0,,0.0,0,,0,1,0,0,,0,,0,,2.3,0,0,1,1,100.0,0,,8,30,0,0,8,30,0,0,,PattCo00
110,Dante Pettis,26,NYG,WR,3,0,1,1,13,13.0,13,13.0,13.0,3,3.0,0,0,0,0,0.0,0,0.0,1,100.0,3.7,0,0,0,0,0.0,0,,0,0,0,0,0,0,0,0,,PettDa00
111,Courtland Sutton,26,DEN,WR,17,16,1,1,15,15.0,15,15.0,15.0,1,1.0,0,0,0,0,0.0,0,0.0,1,100.0,3.8,0,1,0,1,100.0,0,,0,0,0,0,0,0,0,0,,SuttCo00
112,D'Andre Swift,22,DET,RB,13,4,0,1,-12,-12.0,0,,0.0,0,,0,0,0,0,0.0,0,0.0,0,0.0,0.0,0,0,0,0,0.0,0,,13,166,0,0,13,166,0,0,,SwifDA00
113,Tommy Townsend,25,KAN,P,16,0,1,1,11,11.0,11,11.0,11.0,5,5.0,0,0,0,0,0.0,0,0.0,1,100.0,2.0,1,0,0,0,0.0,0,,0,0,0,0,0,0,0,0,,TownTo01
114,Albert Wilson,29,MIA,WR,14,5,0,1,5,5.0,0,,0.0,0,,0,0,0,1,100.0,0,0.0,1,100.0,1.5,2,0,0,1,50.0,0,,0,0,0,0,0,0,1,0,,WilsAl02
115,Brandon Zylstra,28,CAR,WR,13,3,0,1,13,13.0,0,,0.0,0,,0,0,0,0,0.0,1,100.0,0,0.0,1.2,0,0,0,0,0.0,0,,0,0,0,0,0,0,0,0,,ZylsBr00